label,eval_metric,model,rank,mean,median,iqr
Weighted,f1-score,gemini,1,0.7926738816872192,0.793719290944019,0.009928336828940454
Weighted,f1-score,deepseek,2,0.7806599347661279,0.7855277781382692,0.013396265413645914
Weighted,f1-score,chatgpt,2,0.7831492330609205,0.7844526684659492,0.01730936077694112
Weighted,f1-score,gemma,3,0.7557980325445843,0.7586900803426344,0.010226223422743153
Weighted,f1-score,claude,4,0.7300348150462335,0.7321026227596102,0.012176078857188632
Weighted,f1-score,qwen,5,0.6747750082395713,0.6753159250491484,0.011671755836369035
Weighted,f1-score,LightGBM,6,0.6508937112597082,0.6573103270810058,0.03316606891047491
Weighted,f1-score,RF,7,0.5983530016337797,0.6049798841337212,0.024988403844403484
