label,eval_metric,model,rank,mean,median,iqr
Weighted,precision,chatgpt,1,0.832898087119977,0.8293669845916044,0.018111986894824406
Weighted,precision,gemini,2,0.8236284445180294,0.8241249230242337,0.015765792801487044
Weighted,precision,qwen,3,0.8181186750293937,0.8237779517200335,0.023071165777958536
Weighted,precision,deepseek,4,0.815447358661028,0.8174378532107671,0.023214001301098852
Weighted,precision,LightGBM,5,0.7404580561565722,0.7660497281415016,0.09253780972397174
Weighted,precision,RF,5,0.7426461712702419,0.7473376652248201,0.04266577505473901
Weighted,precision,gemma,6,0.703656425395201,0.7040735708873971,0.014720939892770457
Weighted,precision,claude,7,0.6969742044876879,0.6995903508782617,0.014204791189524446
