label,eval_metric,model,rank,mean,median,iqr
Weighted,recall,gemma,1,0.8431029881549483,0.8435374149659864,0.010152313330279439
Weighted,recall,claude,2,0.8230673748670382,0.8209459459459459,0.01637265075521732
Weighted,recall,gemini,3,0.7990550996200464,0.7966101694915254,0.013910988124063217
Weighted,recall,chatgpt,4,0.7736629477853365,0.7762711864406779,0.01953733394411361
Weighted,recall,deepseek,5,0.7694230633631021,0.7661016949152543,0.031241410902427824
Weighted,recall,LightGBM,6,0.6277152712843689,0.6283783783783784,0.02820246742764898
Weighted,recall,qwen,7,0.5930674177393381,0.5919732441471572,0.01647948115339415
Weighted,recall,RF,8,0.5719977735049998,0.576271186440678,0.025869660736488886
