label,eval_metric,model,rank,mean,median,iqr
Security Debt,f1-score,claude,1,0.6830078718750382,0.6990291262135923,0.06984126984126982
Security Debt,f1-score,deepseek,1,0.7073661498490842,0.6947368421052632,0.047149944315075465
Security Debt,f1-score,gemini,1,0.6848792937690371,0.6888888888888889,0.06245507110486004
Security Debt,f1-score,gemma,2,0.6590990759007587,0.6813186813186813,0.07125954420936065
Security Debt,f1-score,chatgpt,3,0.6360293671489001,0.6329113924050633,0.039391618338986856
Security Debt,f1-score,qwen,3,0.6343648070852191,0.631578947368421,0.06363325350667115
Security Debt,f1-score,LightGBM,4,0.5580704037247577,0.5747126436781609,0.05707009108439731
Security Debt,f1-score,RF,5,0.5040438902835205,0.5,0.11960395896963061
