label,eval_metric,model,rank,mean,median,iqr
Security Debt,precision,chatgpt,1,0.9429682435077593,0.96,0.0357142857142857
Security Debt,precision,qwen,2,0.902964714049743,0.896551724137931,0.06391941391941391
Security Debt,precision,gemini,3,0.8793507616577728,0.8666666666666667,0.09159301346801352
Security Debt,precision,deepseek,4,0.8504241696678669,0.8484848484848485,0.07494270435446904
Security Debt,precision,RF,5,0.7456040024832742,0.75,0.056263440860215175
Security Debt,precision,gemma,6,0.7169195605228885,0.7333333333333333,0.07261654661864747
Security Debt,precision,claude,6,0.73736834184175,0.7291666666666666,0.049116671555244684
Security Debt,precision,LightGBM,7,0.6521785432519135,0.65,0.04878048780487809
