label,eval_metric,model,rank,mean,median,iqr
Micro,f1-score,deepseek_rag_openai_precomputed,1,0.8315213645096395,0.8308702791461412,0.010519709377656783
Micro,f1-score,chatgpt_rag_openai_precomputed,2,0.8201973377039431,0.823728813559322,0.012164937930610908
Micro,f1-score,gemini_rag_openai_precomputed,2,0.8205000744879956,0.8211920529801324,0.005089231451586795
Micro,f1-score,gemini_facebook,3,0.8070071143475736,0.8068965517241379,0.008428670435459251
Micro,f1-score,chatgpt_facebook,4,0.7907707539828911,0.7899159663865546,0.01762792260051438
Micro,f1-score,qwen_rag_openai_precomputed,4,0.7895940968235723,0.7890222984562607,0.010472211656273878
Micro,f1-score,gemma_rag_openai_precomputed,5,0.7814165808190644,0.7802690582959642,0.017338501028249853
Micro,f1-score,claude_rag_openai_precomputed,6,0.7465594343995986,0.7522388059701492,0.0111768301046401
Micro,f1-score,claude_facebook,7,0.6939973246645735,0.6946778711484594,0.01035560853167472
