label,eval_metric,model,rank,mean,median,iqr
Micro,precision,chatgpt_rag_openai_precomputed,1,0.8246067656200402,0.8275862068965517,0.012085949585949662
Micro,precision,deepseek_rag_openai_precomputed,1,0.8257073877103441,0.8227848101265823,0.015208498197544773
Micro,precision,qwen_rag_openai_precomputed,2,0.8143986244939612,0.8169014084507042,0.01082886137804473
Micro,precision,gemini_facebook,2,0.8152584757454275,0.8163265306122449,0.01610762596886206
Micro,precision,gemini_rag_openai_precomputed,3,0.8060133951474963,0.8025889967637541,0.009519609877567947
Micro,precision,chatgpt_facebook,3,0.8087999892589562,0.802158273381295,0.020311441793120055
Micro,precision,gemma_rag_openai_precomputed,4,0.7044769150544532,0.7024128686327078,0.014574322676732199
Micro,precision,claude_rag_openai_precomputed,5,0.6670114194073329,0.6720430107526881,0.009369753960027705
Micro,precision,claude_facebook,6,0.6000175669707987,0.6025,0.015166733159124313
