label,eval_metric,model,rank,mean,median,iqr
Security Debt,f1-score,deepseek_rag_openai_precomputed,1,0.7672620308143762,0.7676767676767676,0.057545633061096946
Security Debt,f1-score,gemma_rag_openai_precomputed,2,0.7254953135059447,0.7311827956989247,0.027087889201291238
Security Debt,f1-score,gemini_rag_openai_precomputed,2,0.7267547150694745,0.723404255319149,0.05370985603543743
Security Debt,f1-score,chatgpt_rag_openai_precomputed,3,0.6885681022772872,0.7,0.07045892169447998
Security Debt,f1-score,claude_facebook,4,0.6830078718750382,0.6990291262135923,0.06984126984126982
Security Debt,f1-score,gemini_facebook,4,0.6848792937690371,0.6888888888888889,0.06245507110486004
Security Debt,f1-score,claude_rag_openai_precomputed,4,0.686848890236328,0.6868686868686869,0.0596047430830039
Security Debt,f1-score,qwen_rag_openai_precomputed,4,0.6860530060991871,0.6741573033707865,0.05079877487340556
Security Debt,f1-score,chatgpt_facebook,5,0.6360293671489001,0.6329113924050633,0.039391618338986856
