label,eval_metric,model,rank,mean,median,iqr
Dependency Management,f1-score,gemini,1,0.7510568694658529,0.75,0.03868471953578334
Dependency Management,f1-score,qwen,2,0.7400054480033605,0.7391304347826086,0.09340659340659341
Dependency Management,f1-score,deepseek,2,0.7267705719094293,0.7368421052631579,0.07555555555555549
Dependency Management,f1-score,chatgpt,2,0.7406190847865582,0.7272727272727273,0.13333333333333341
Dependency Management,f1-score,gemma,3,0.6132993654065406,0.6176470588235294,0.03506493506493502
Dependency Management,f1-score,claude,4,0.5271942851176212,0.5348837209302325,0.05983484499796943
Dependency Management,f1-score,LightGBM,5,0.36944604020385025,0.2962962962962963,0.20489718614718613
Dependency Management,f1-score,RF,6,0.14795046223617656,0.16,0.1388888888888889
