label,eval_metric,model,rank,mean,median,iqr
Dependency Management,precision,RF,1,0.7814285714285714,1.0,0.25
Dependency Management,precision,LightGBM,2,0.7754195011337868,0.7857142857142857,0.30952380952380953
Dependency Management,precision,chatgpt,3,0.7812684109334207,0.7692307692307693,0.057499999999999996
Dependency Management,precision,qwen,4,0.7283622613850455,0.75,0.07461538461538475
Dependency Management,precision,gemini,4,0.7297455681816896,0.75,0.06547619047619047
Dependency Management,precision,deepseek,5,0.6682786664205299,0.6470588235294118,0.10799583868196616
Dependency Management,precision,gemma,6,0.46005292620321175,0.4583333333333333,0.030865295666405723
Dependency Management,precision,claude,7,0.362137452583467,0.3709677419354839,0.05131578947368415
