label,eval_metric,model,rank,mean,median,iqr
Dependency Management,recall,claude,1,0.9717908902691511,0.9583333333333334,0.04347826086956519
Dependency Management,recall,gemma,2,0.9221014492753621,0.9565217391304348,0.04347826086956519
Dependency Management,recall,gemini,3,0.7791925465838511,0.782608695652174,0.09420289855072472
Dependency Management,recall,qwen,4,0.7615424430641823,0.7391304347826086,0.17391304347826086
Dependency Management,recall,deepseek,4,0.8022774327122156,0.7391304347826086,0.13586956521739135
Dependency Management,recall,chatgpt,5,0.7122153209109731,0.6956521739130435,0.21739130434782605
Dependency Management,recall,LightGBM,6,0.26195652173913037,0.1739130434782608,0.15942028985507248
Dependency Management,recall,RF,7,0.08307453416149067,0.0869565217391304,0.08695652173913039
