label,eval_metric,model,rank,mean,median,iqr
IaC Code Debt,f1-score,gemini,1,0.9293789579655496,0.9291338582677166,0.0036724658429554413
IaC Code Debt,f1-score,RF,1,0.9290529252602099,0.9291338582677166,0.0036724658429554413
IaC Code Debt,f1-score,LightGBM,2,0.9278695625558134,0.9285714285714286,0.0011338582677165032
IaC Code Debt,f1-score,gemma,3,0.9155775631101822,0.9156626506024096,0.010994123120046106
IaC Code Debt,f1-score,deepseek,4,0.9050980142484216,0.9068825910931174,0.02030108706834477
IaC Code Debt,f1-score,chatgpt,5,0.8954111358243011,0.8916666666666667,0.0211398712538432
IaC Code Debt,f1-score,claude,6,0.8711147523286896,0.8658008658008658,0.03660607549332662
IaC Code Debt,f1-score,qwen,7,0.6903919894904347,0.6839378238341969,0.07027506320698085
