label,eval_metric,model,rank,mean,median,iqr
IaC Code Debt,precision,qwen,1,0.9039334865797601,0.9012345679012346,0.031020482086406842
IaC Code Debt,precision,claude,2,0.8849107464204203,0.8898305084745762,0.021175770479768707
IaC Code Debt,precision,chatgpt,2,0.8860576058972974,0.8870967741935484,0.019776216497528032
IaC Code Debt,precision,deepseek,3,0.8789652101244498,0.8760330578512396,0.013488710702786899
IaC Code Debt,precision,LightGBM,4,0.8715623917844568,0.8731343283582089,0.005957142392612136
IaC Code Debt,precision,gemma,5,0.8679855551804966,0.8702290076335878,0.014327657075748679
IaC Code Debt,precision,gemini,5,0.8681287340173867,0.8676470588235294,0.0064270152505446765
IaC Code Debt,precision,RF,5,0.8677515635110266,0.8676470588235294,0.0064270152505446765
