label,eval_metric,model,rank,mean,median,iqr
IaC Code Debt,recall,gemini,1,1.0,1.0,0.0
IaC Code Debt,recall,RF,1,0.9997578692493948,1.0,0.0
IaC Code Debt,recall,LightGBM,2,0.9920096852300241,0.9915254237288136,0.004237288135593209
IaC Code Debt,recall,gemma,3,0.9687651331719124,0.9661016949152542,0.008474576271186418
IaC Code Debt,recall,deepseek,4,0.9331719128329297,0.9322033898305084,0.03389830508474578
IaC Code Debt,recall,chatgpt,5,0.9053268765133173,0.8983050847457628,0.021186440677966156
IaC Code Debt,recall,claude,6,0.8585956416464892,0.8559322033898306,0.06355932203389825
IaC Code Debt,recall,qwen,7,0.5607748184019369,0.559322033898305,0.09322033898305082
