label,eval_metric,model,rank,mean,median,iqr
IaC Code Debt,f1-score,chatgpt_rag_openai_precomputed,1,0.9321068188427678,0.932806324110672,0.009383624942240099
IaC Code Debt,f1-score,gemma_rag_openai_precomputed,2,0.9289377793762128,0.9291338582677166,0.007369730563910215
IaC Code Debt,f1-score,gemini_rag_openai_precomputed,2,0.9291739829794462,0.9291338582677166,0.0036724658429554413
IaC Code Debt,f1-score,gemini_facebook,2,0.9293789579655496,0.9291338582677166,0.0036724658429554413
IaC Code Debt,f1-score,deepseek_rag_openai_precomputed,3,0.9276447440251734,0.9274193548387096,0.007972933891052691
IaC Code Debt,f1-score,claude_rag_openai_precomputed,4,0.9043015499873966,0.9045643153526972,0.014879936837651209
IaC Code Debt,f1-score,chatgpt_facebook,5,0.8954111358243011,0.8916666666666667,0.0211398712538432
IaC Code Debt,f1-score,qwen_rag_openai_precomputed,6,0.8862639910490945,0.8860759493670886,0.018962159621260466
IaC Code Debt,f1-score,claude_facebook,7,0.8711147523286896,0.8658008658008658,0.03660607549332662
