label,eval_metric,model,rank,mean,median,iqr
IaC Code Debt,precision,qwen_rag_openai_precomputed,1,0.8989374162418304,0.9026548672566372,0.024211397537477253
IaC Code Debt,precision,claude_facebook,2,0.8849107464204203,0.8898305084745762,0.021175770479768707
IaC Code Debt,precision,claude_rag_openai_precomputed,3,0.8908392838749523,0.8870967741935484,0.011100709112413565
IaC Code Debt,precision,chatgpt_facebook,3,0.8860576058972974,0.8870967741935484,0.019776216497528032
IaC Code Debt,precision,chatgpt_rag_openai_precomputed,4,0.8841603228720939,0.8805970149253731,0.015550358609951576
IaC Code Debt,precision,deepseek_rag_openai_precomputed,5,0.8750327701220614,0.8740740740740741,0.014386376981796789
IaC Code Debt,precision,gemma_rag_openai_precomputed,6,0.8699364904607974,0.8676470588235294,0.013032581453634062
IaC Code Debt,precision,gemini_rag_openai_precomputed,6,0.8677772139911716,0.8676470588235294,0.0064270152505446765
IaC Code Debt,precision,gemini_facebook,6,0.8681287340173867,0.8676470588235294,0.0064270152505446765
