label,eval_metric,model,rank,mean,median,iqr
Macro,f1-score,chatgpt,1,0.7116316709988789,0.7130654434038866,0.02946516346179695
Macro,f1-score,deepseek,2,0.6880612484672298,0.6804471048373488,0.041368366606350904
Macro,f1-score,gemini,3,0.6695874929333924,0.6640486497629355,0.01745885007916581
Macro,f1-score,qwen,4,0.6425224302127372,0.6423208264285013,0.019366631927529188
Macro,f1-score,gemma,5,0.6353108369407412,0.6351245667836856,0.014852730393494662
Macro,f1-score,claude,6,0.6194707958438636,0.617306365336619,0.030684585765518024
Macro,f1-score,LightGBM,7,0.4100973087543939,0.4311118385223381,0.06067177141061636
Macro,f1-score,RF,8,0.31681949056812675,0.3206261558295219,0.02980579942995315
