label,eval_metric,model,rank,mean,median,iqr
Macro,precision,gemini,1,0.8083397768099215,0.8104341858652203,0.01853869367005001
Macro,precision,chatgpt,2,0.7946639010349235,0.7985371649301733,0.03184089097272469
Macro,precision,deepseek,3,0.7969484345743905,0.7952946020305356,0.0201093899788527
Macro,precision,qwen,4,0.745650710984223,0.7465861988888305,0.05559078052962896
Macro,precision,LightGBM,5,0.609972800955003,0.6218085776012605,0.24455167435039982
Macro,precision,claude,6,0.5688520419164506,0.5850513056766088,0.05002007242102735
Macro,precision,gemma,6,0.5730341668403489,0.5733659981854784,0.023520288776366916
Macro,precision,RF,7,0.5203250596503972,0.505709607691315,0.07114590723100978
