label,eval_metric,model,rank,mean,median,iqr
Macro,recall,claude,1,0.78928675235894,0.7886284147041278,0.03525786960620403
Macro,recall,gemma,2,0.7525355401119301,0.7478818418133083,0.01585782939188618
Macro,recall,chatgpt,3,0.6822832179287232,0.6873722335144591,0.036641258918298614
Macro,recall,deepseek,4,0.638830476103752,0.6310661158346906,0.02645429132057564
Macro,recall,gemini,5,0.6245526072805626,0.6256056661795153,0.026385877001975255
Macro,recall,qwen,6,0.5866561061636298,0.5853576388607709,0.02553616004460113
Macro,recall,LightGBM,7,0.3540602100886864,0.3674823114533873,0.03965967908902701
Macro,recall,RF,8,0.272237773676934,0.273719839942666,0.02546214974284028
