label,eval_metric,model,rank,mean,median,iqr
Networking Debt,f1-score,chatgpt,1,0.7988819516551764,0.8,0.08694839643115504
Networking Debt,f1-score,gemini,2,0.7449082916591807,0.7407407407407407,0.04926453600308045
Networking Debt,f1-score,qwen,3,0.6405449128950657,0.7037037037037037,0.18364779874213832
Networking Debt,f1-score,gemma,3,0.6858783975954525,0.7,0.043345373714920865
Networking Debt,f1-score,claude,3,0.6897894056055068,0.696969696969697,0.06754807692307696
Networking Debt,f1-score,deepseek,4,0.676502399854159,0.6415094339622641,0.1003846153846153
Networking Debt,f1-score,LightGBM,5,0.5068007718976788,0.5128205128205128,0.06687424321051721
Networking Debt,f1-score,RF,6,0.3167243338466106,0.3333333333333333,0.2231525784157363
