label,eval_metric,model,rank,mean,median,iqr
Networking Debt,precision,chatgpt,1,0.8500969266897396,0.85,0.06087912087912084
Networking Debt,precision,gemini,1,0.8432339141190073,0.8260869565217391,0.06660079051383394
Networking Debt,precision,deepseek,2,0.7711872720163011,0.7727272727272727,0.08612440191387571
Networking Debt,precision,RF,2,0.7791352298495159,0.75,0.16765873015873012
Networking Debt,precision,qwen,3,0.7080368573622191,0.7241379310344828,0.045206971677559826
Networking Debt,precision,LightGBM,4,0.7512292106144385,0.7142857142857143,0.17948717948717952
Networking Debt,precision,gemma,5,0.6560779361800335,0.6666666666666666,0.04233870967741937
Networking Debt,precision,claude,6,0.6113311339311113,0.6111111111111112,0.05964052287581689
