label,eval_metric,model,rank,mean,median,iqr
Networking Debt,recall,claude,1,0.7924700914848698,0.7857142857142857,0.08928571428571419
Networking Debt,recall,chatgpt,1,0.7589021815622801,0.7857142857142857,0.0714285714285714
Networking Debt,recall,gemma,2,0.7190710767065448,0.7142857142857143,0.044334975369458074
Networking Debt,recall,gemini,3,0.6686488388458832,0.6785714285714286,0.046798029556650245
Networking Debt,recall,qwen,4,0.5931386347642505,0.6551724137931034,0.2857142857142858
Networking Debt,recall,deepseek,4,0.6057353976073188,0.5714285714285714,0.10221674876847298
Networking Debt,recall,LightGBM,5,0.38838845883180856,0.3928571428571428,0.0714285714285714
Networking Debt,recall,RF,6,0.20548909218859948,0.2142857142857142,0.16071428571428575
