label,eval_metric,model,rank,mean,median,iqr
Infrastructure Management Debt,f1-score,gemini,1,0.769634222588741,0.7706422018348624,0.026306174643770608
Infrastructure Management Debt,f1-score,chatgpt,2,0.7540346286125634,0.7538461538461538,0.025431556948798395
Infrastructure Management Debt,f1-score,deepseek,3,0.7430242574086533,0.7326732673267327,0.040195478452137
Infrastructure Management Debt,f1-score,qwen,4,0.7155117158070986,0.72,0.0688591645313712
Infrastructure Management Debt,f1-score,gemma,4,0.7083374516997976,0.704225352112676,0.021280510471008318
Infrastructure Management Debt,f1-score,claude,5,0.6739173487261851,0.6714285714285714,0.021465022016154967
Infrastructure Management Debt,f1-score,LightGBM,6,0.5682598013211593,0.5681818181818182,0.049400025262094194
Infrastructure Management Debt,f1-score,RF,6,0.5644033605375451,0.5679012345679012,0.05471816391356621
