label,eval_metric,model,rank,mean,median,iqr
Infrastructure Management Debt,precision,deepseek,1,0.7221063080258407,0.74,0.08045977011494254
Infrastructure Management Debt,precision,RF,1,0.7315382527879332,0.7317073170731707,0.0788461538461539
Infrastructure Management Debt,precision,qwen,2,0.7134451650338125,0.7272727272727273,0.07785547785547786
Infrastructure Management Debt,precision,gemini,3,0.7085721616735857,0.711864406779661,0.0405972558514931
Infrastructure Management Debt,precision,LightGBM,4,0.6770118084744767,0.6944444444444444,0.07742257742257741
Infrastructure Management Debt,precision,chatgpt,5,0.6563634349802986,0.6621621621621622,0.03257444514440777
Infrastructure Management Debt,precision,gemma,6,0.5803937977439136,0.5844155844155844,0.018520986009327167
Infrastructure Management Debt,precision,claude,7,0.5342862338393565,0.5263157894736842,0.029314362146868
