label,eval_metric,model,rank,mean,median,iqr
Infrastructure Management Debt,recall,gemma,1,0.910741219564749,0.903846153846154,0.06617647058823517
Infrastructure Management Debt,recall,claude,1,0.915632406808877,0.903846153846154,0.030165912518853588
Infrastructure Management Debt,recall,chatgpt,2,0.8878258995906056,0.8846153846153846,0.0769230769230771
Infrastructure Management Debt,recall,gemini,3,0.843309631544926,0.8461538461538461,0.03846153846153855
Infrastructure Management Debt,recall,qwen,4,0.7232600732600734,0.7307692307692307,0.11538461538461531
Infrastructure Management Debt,recall,deepseek,5,0.7709329885800472,0.7307692307692307,0.10143288084464552
Infrastructure Management Debt,recall,LightGBM,6,0.49060547295841395,0.4807692307692308,0.04807692307692307
Infrastructure Management Debt,recall,RF,7,0.462723550958845,0.4423076923076923,0.07692307692307693
