label,eval_metric,model,rank,mean,median,iqr
Weighted,f1-score,deepseek_rag_openai_precomputed,1,0.8254705724514325,0.825817754811634,0.010877194376923915
Weighted,f1-score,chatgpt_rag_openai_precomputed,2,0.8114436073963839,0.8156757210657094,0.013042240984950992
Weighted,f1-score,gemini_rag_openai_precomputed,3,0.8105450401167491,0.812535197529414,0.005522616886279974
Weighted,f1-score,gemini_facebook,4,0.7926738816872192,0.793719290944019,0.009928336828940454
Weighted,f1-score,gemma_rag_openai_precomputed,5,0.7889762491844386,0.7877697644036773,0.015433466724069644
Weighted,f1-score,qwen_rag_openai_precomputed,6,0.7860019416252998,0.7854261978183177,0.010808140119898058
Weighted,f1-score,chatgpt_facebook,6,0.7831492330609205,0.7844526684659492,0.01730936077694112
Weighted,f1-score,claude_rag_openai_precomputed,7,0.7641843351591845,0.7651358993018664,0.01371474903330383
Weighted,f1-score,claude_facebook,8,0.7300348150462335,0.7321026227596102,0.012176078857188632
