label,eval_metric,model,rank,mean,median,iqr
Weighted,precision,chatgpt_rag_openai_precomputed,1,0.8409558096916356,0.8480741775490557,0.018254681254091354
Weighted,precision,deepseek_rag_openai_precomputed,2,0.8304030103523502,0.8296982220146827,0.015563117448565422
Weighted,precision,chatgpt_facebook,2,0.832898087119977,0.8293669845916044,0.018111986894824406
Weighted,precision,gemini_facebook,3,0.8236284445180294,0.8241249230242337,0.015765792801487044
Weighted,precision,qwen_rag_openai_precomputed,4,0.821373875830921,0.8216254070531933,0.009620607250056645
Weighted,precision,gemini_rag_openai_precomputed,5,0.813160661612504,0.811203811813919,0.009525554078670617
Weighted,precision,gemma_rag_openai_precomputed,6,0.7324558655065968,0.7325891244494228,0.007920182560767985
Weighted,precision,claude_rag_openai_precomputed,7,0.7232410450983617,0.726067740431354,0.009521068363910867
Weighted,precision,claude_facebook,8,0.6969742044876879,0.6995903508782617,0.014204791189524446
