label,eval_metric,model,rank,mean,median,iqr
Weighted,recall,gemma_rag_openai_precomputed,1,0.8772515132317669,0.8762541806020067,0.016502519468621246
Weighted,recall,claude_rag_openai_precomputed,2,0.8477932215232381,0.8508474576271187,0.02826787182377244
Weighted,recall,deepseek_rag_openai_precomputed,3,0.8377557433088841,0.8401360544217688,0.02112258201846584
Weighted,recall,gemini_rag_openai_precomputed,3,0.8355743756516016,0.8372881355932204,0.009596885020613843
Weighted,recall,claude_facebook,4,0.8230673748670382,0.8209459459459459,0.01637265075521732
Weighted,recall,chatgpt_rag_openai_precomputed,5,0.8159313082230534,0.8169491525423729,0.016334261249515425
Weighted,recall,gemini_facebook,6,0.7990550996200464,0.7966101694915254,0.013910988124063217
Weighted,recall,chatgpt_facebook,7,0.7736629477853365,0.7762711864406779,0.01953733394411361
Weighted,recall,qwen_rag_openai_precomputed,8,0.7664760050019396,0.7687074829931972,0.02211645301707399
