label,eval_metric,model,rank,mean,median,iqr
Macro,f1-score,deepseek_rag_openai_precomputed,1,0.7430827007409146,0.7423203070859321,0.013201249235070156
Macro,f1-score,chatgpt_rag_openai_precomputed,2,0.7276469069252375,0.7223468399360716,0.03611596941520778
Macro,f1-score,qwen_rag_openai_precomputed,3,0.715647048876339,0.7170736116480434,0.021576578616720132
Macro,f1-score,chatgpt_facebook,3,0.7116316709988789,0.7130654434038866,0.02946516346179695
Macro,f1-score,gemma_rag_openai_precomputed,4,0.6933960351287093,0.6984903687540014,0.031331053529725206
Macro,f1-score,gemini_rag_openai_precomputed,5,0.6993773331585085,0.6963403156473731,0.024116514932203792
Macro,f1-score,claude_rag_openai_precomputed,6,0.6574077271268904,0.6682350330336753,0.028661303369660884
Macro,f1-score,gemini_facebook,6,0.6695874929333924,0.6640486497629355,0.01745885007916581
Macro,f1-score,claude_facebook,7,0.6194707958438636,0.617306365336619,0.030684585765518024
