label,eval_metric,model,rank,mean,median,iqr
Macro,precision,deepseek_rag_openai_precomputed,1,0.8174176009416729,0.8150605012408176,0.04550211470972787
Macro,precision,chatgpt_rag_openai_precomputed,1,0.8108597063531491,0.8144508337439794,0.04540579960078128
Macro,precision,gemini_facebook,2,0.8083397768099215,0.8104341858652203,0.01853869367005001
Macro,precision,gemini_rag_openai_precomputed,3,0.7965568812772987,0.8026966272402378,0.04595359841794866
Macro,precision,chatgpt_facebook,3,0.7946639010349235,0.7985371649301733,0.03184089097272469
Macro,precision,qwen_rag_openai_precomputed,4,0.766487580023572,0.7650181791353724,0.0498753481723867
Macro,precision,gemma_rag_openai_precomputed,5,0.6392231492745908,0.6517674228361632,0.04755561669474673
Macro,precision,claude_rag_openai_precomputed,6,0.6103024124416957,0.6193032307504487,0.01940452193543618
Macro,precision,claude_facebook,7,0.5688520419164506,0.5850513056766088,0.05002007242102735
