label,eval_metric,model,rank,mean,median,iqr
Macro,recall,claude_rag_openai_precomputed,1,0.7864438006968587,0.7941785015831626,0.04384214145951382
Macro,recall,claude_facebook,1,0.78928675235894,0.7886284147041278,0.03525786960620403
Macro,recall,gemma_rag_openai_precomputed,1,0.7937543824417066,0.7861067955033472,0.05222459175554417
Macro,recall,deepseek_rag_openai_precomputed,2,0.7141758531689868,0.7170488267770876,0.0211372337652338
Macro,recall,chatgpt_rag_openai_precomputed,3,0.6962153277525979,0.6892018368105324,0.036407205689539035
Macro,recall,chatgpt_facebook,4,0.6822832179287232,0.6873722335144591,0.036641258918298614
Macro,recall,gemini_rag_openai_precomputed,5,0.6743406655188887,0.6823903730369247,0.025244131597204955
Macro,recall,qwen_rag_openai_precomputed,6,0.6896653566673524,0.680715946105782,0.02407437911156385
Macro,recall,gemini_facebook,7,0.6245526072805626,0.6256056661795153,0.026385877001975255
