label,eval_metric,model,rank,mean,median,iqr
Micro,f1-score,gemini,1,0.8070071143475736,0.8068965517241379,0.008428670435459251
Micro,f1-score,deepseek,2,0.7883232794491372,0.7928571428571428,0.00743981849868014
Micro,f1-score,chatgpt,2,0.7907707539828911,0.7899159663865546,0.01762792260051438
Micro,f1-score,gemma,3,0.7457953032221754,0.7470588235294118,0.012610161105443218
Micro,f1-score,LightGBM,4,0.6997419254693454,0.7045454545454546,0.03136425299600798
Micro,f1-score,claude,5,0.6939973246645735,0.6946778711484594,0.01035560853167472
Micro,f1-score,RF,6,0.6757015734756927,0.6786427145708582,0.019933991287455877
Micro,f1-score,qwen,6,0.6777329540701187,0.6769825918762089,0.012227898272118343
