label,eval_metric,model,rank,mean,median,iqr
Micro,precision,RF,1,0.8256744844328767,0.8252427184466019,0.022225595885459137
Micro,precision,gemini,2,0.8152584757454275,0.8163265306122449,0.01610762596886206
Micro,precision,deepseek,3,0.8087643992206457,0.8076923076923077,0.02996400973798341
Micro,precision,chatgpt,3,0.8087999892589562,0.802158273381295,0.020311441793120055
Micro,precision,LightGBM,4,0.7906221370013545,0.8008849557522124,0.03589726989881614
Micro,precision,qwen,4,0.7911513689647505,0.7873303167420814,0.03380614516580571
Micro,precision,gemma,5,0.6687117554994187,0.6675603217158177,0.018132243993408848
Micro,precision,claude,6,0.6000175669707987,0.6025,0.015166733159124313
