label,eval_metric,model,rank,mean,median,iqr
Dependency Management,precision,chatgpt_rag_openai_precomputed,1,0.809082428014759,0.7777777777777778,0.0926190476190476
Dependency Management,precision,chatgpt_facebook,2,0.7812684109334207,0.7692307692307693,0.057499999999999996
Dependency Management,precision,qwen_rag_openai_precomputed,3,0.7415993709655038,0.75,0.04576659038901609
Dependency Management,precision,gemini_facebook,3,0.7297455681816896,0.75,0.06547619047619047
Dependency Management,precision,deepseek_rag_openai_precomputed,4,0.727900948254129,0.7241379310344828,0.09366447728516691
Dependency Management,precision,gemini_rag_openai_precomputed,5,0.7056517239374385,0.7142857142857143,0.0641025641025641
Dependency Management,precision,gemma_rag_openai_precomputed,6,0.5831713790493093,0.5882352941176471,0.06553030303030294
Dependency Management,precision,claude_rag_openai_precomputed,7,0.40033189251930157,0.396551724137931,0.017857142857142905
Dependency Management,precision,claude_facebook,8,0.362137452583467,0.3709677419354839,0.05131578947368415
