label,eval_metric,model,rank,mean,median,iqr
Monitoring and Logging Debt,recall,gemma,1,0.7369841269841271,0.7777777777777778,0.3285714285714286
Monitoring and Logging Debt,recall,claude,1,0.7541269841269843,0.7777777777777778,0.1071428571428571
Monitoring and Logging Debt,recall,qwen,2,0.6497959183673472,0.5714285714285714,0.24444444444444446
Monitoring and Logging Debt,recall,gemini,3,0.37388888888888894,0.4444444444444444,0.2142857142857143
Monitoring and Logging Debt,recall,deepseek,3,0.48143990929705205,0.4444444444444444,0.2678571428571429
Monitoring and Logging Debt,recall,chatgpt,4,0.539206349206349,0.4444444444444444,0.27142857142857146
Monitoring and Logging Debt,recall,RF,5,0.0035714285714285713,0.0,0.0
Monitoring and Logging Debt,recall,LightGBM,6,0.04722222222222223,0.0,0.1111111111111111
